incident_id,Page,Region,Province,City_Muni,Barangay,Qty,Type of Incident,Date,Time,Description,Actions Taken,Remarks,Status,hasType
1,4,REGION 2,NUEVA VIZCAYA,Bambang,Magsasay Hills,,Landslide (Rain- Induced),14 September 2024,05:00 pm,"On September 14, 2024, at 5:00 PM, a heavy downpour triggered a landslide in Barangay Magsaysay Hills, damaging seven houses.",Affected families were provided with assistance to repair their houses.,The affected families already returned to their houses.,,LandslideWet
2,4,REGION 2,NUEVA VIZCAYA,Bambang,Abinganan,,Flooded Areas,14 September 2024,05:00 pm,"On September 14, 2024, at 5:00 PM, a heavy downpour brought water levels up to 3 feet, damaging two houses.",Affected families were provided with assistance to repair their houses.,The affected families already returned to their houses.,Subsided,CoastalFlood
3,4,REGION 2,NUEVA VIZCAYA,Ambaguio,Poblacion,,Landslide (Rain- Induced),18 September 2024,06:06 pm,"On September 18, 2024, at 6:06 PM, a landslide was reported, damaging one house.",Affected families were provided with assistance to repair their houses.,The affected families already returned to their houses.,,LandslideWet
4,4,REGION 2,NUEVA VIZCAYA,Kayapa,Mapayao,,Landslide (Rain- Induced),18 September 2024,03:24 pm,"On September 18, 2024, at 3:24 PM, a landslide was reported, damaging one house.",Affected families were provided with assistance to repair their houses.,The affected families already returned to their houses.,,LandslideWet
5,4,REGION 2,NUEVA VIZCAYA,Villaverde (Ibung),Bintawan Norte,,Flooded Areas,17 September 2024,11:00 pm,"On September 17, 2024, a 2 ft. deep flooding due to overflowing of creeks due to heavy rains",3 families were evacuated to her relatives,,Subsided,FloodGeneral
6,4,REGION 2,NUEVA VIZCAYA,Villaverde (Ibung),Ibung,,Flooded Areas,17 September 2024,11:00 pm,"On September 17, 2024, 1 ft. deep flooding due to overflowing of creeks due to heavy rains",3 families were evacuated to her relatives,,Subsided,FloodGeneral
7,5,REGION 3,ZAMBALES,San Antonio,Barangay East Dirita,,Fallen/Uprooted Tree,21 September 2024,08:00 am,"On 21 0800H September 2024, one (1) totally damaged house was reported due to a fallen tree",,,,CollapseMiscellaneous
8,5,REGION 3,ZAMBALES,Subic,Brgy. Calapandayan,,Fallen/Uprooted Tree,21 September 2024,,"On 21 September 2024, one (1) partially damaged house was reported due to a fallen tree",,,,CollapseMiscellaneous
9,5,REGION 3,ZAMBALES,Subic,Brgy. Matain,,Fallen/Uprooted Tree,21 September 2024,02:00 pm,"On 21 1400H September 2024, one (1) partially damage house is reported due to a fallen tree",,,,CollapseMiscellaneous
10,5,REGION 3,ZAMBALES,San Narciso,Brgy. Natividad,,Fallen/Uprooted Tree,20 September 2024,,"On 20 September 2024, one (1) partially damaged house was reported due to a fallen tree","Conducted clearing operations as 1740H, 20 September 2024.",,,CollapseMiscellaneous
11,5,REGION 3,ZAMBALES,Olongapo City,Brgy. Kalaklan,,Landslide (Rain- Induced),21 September 2024,,"On 21 September 2024, one (1) family and five (5) persons were evacuated due to a reported landslide.",Responded by Brgy Kalaklan and reported to City Engineer,,,LandslideWet
12,5,CALABARZON,RIZAL,Binangonan,Calumpang,,Flooded Areas,16 September 2024,,1.5ft,Continuous Monitoring,"Subsided as of 17 September 2024, 4PM",Subsided,FloodGeneral
13,5,CALABARZON,RIZAL,Binangonan,Calumpang,,Landslide (Rain- Induced),17 September 2024,08:00 am,1 house partially damaged due to rock fall incident,,,,RockfallWet
14,5,MIMAROPA,PALAWAN,Quezon,Panitian,,Flooded Areas,12 September 2024,03:00 am,Approximate water level: 36 inches/3ft,Personnel from Palawan Rescue Quezon assisted trapped individuals,Water subsided at 7:00AM,Subsided,FloodGeneral
15,6,MIMAROPA,PALAWAN,Quezon,Malatgao,,Flooded Areas,12 September 2024,03:00 am,Approximate water level: 24 inches/2ft,Personnel from Palawan Rescue Quezon assisted trapped individuals,Water subsided at 6:00AM,Subsided,FloodGeneral
16,6,MIMAROPA,PALAWAN,Quezon,Sowangan,,Flooded Areas,12 September 2024,03:00 am,Approximate water level:30 inches/2.5ft,Personnel from Philippine Army assisted trapped individuals,Water subsided at 7:00AM,Subsided,FloodGeneral
17,6,MIMAROPA,PALAWAN,Bataraza,Marangas,,Maritime Incident,12 September 2024,02:00 am,"-One (1) person was reported missing -Based on Coast Guard Station Southern Palawan report, the victim went fishing venture onboard his motorbanca 'AL- KHALAM' on the waters on the vicinity of Barangay Marangas at about 2:00AM of 12 September 2024 but failed to return at the expected time.",-Search and rescue operation was conducted but was stopped due to unfavorable weather condition. -Information dissemination was conducted to all fisher folk near the area to be on lookout for the missing fisherman. -Search and rescue operation to be continued if weather condition permits.,Previously reported missing on 12 September 2024 but was found alive on 13 September 2024.,,Water
18,6,MIMAROPA,PALAWAN,Bataraza,Rio Tuba,,Tornado/Destructive Winds/Strong Winds,18 September 2024,02:31 pm,"At around 02:31 PM, a tornado incident happened at Sito Marabahay Rio Tuba, Bataraza, Palawan. A total of five (5) houses were struck and two (2) of the houses' walls and roofs were blown off. Additionally, a total of 33 families / 139 persons were affected. Furthermore, a total of 30 families had partially damaged houses and three (3) families had totally damaged houses recorded as per report from Brgy. Secretary of Rio Tuba.","ERT responded on the affected area. On-going repair as of September 20, 2024.",,,SevereWeather
19,7,MIMAROPA,PALAWAN,Coron,San Nicolas,,Flooded Areas,13 September 2024,,Overflowed spillway and Not Passable to All Types of Vehicle,monitoring and caution to vehicle,"Subsided as of September 17, 2024 1800H",Subsided,FloodGeneral
20,7,MIMAROPA,PALAWAN,Coron,Guadalupe,,Flooded Areas,13 September 2024,,-almost 1.5ft flooded roads at Sitio Ceka -Sitio Ceka partially flooded -Approx 4ft flood in Sitio Detakling -Evacuated 1 family / 3 individuals -Flooded residential area (approx more than 2ft) at Labangan River -5 families were pre- emptively evacuated. -Flooded residential area (approx 4ft high) in Santa Monica -2 families were evacuated,continuous monitoring,,Subsided,FloodGeneral
21,7,MIMAROPA,PALAWAN,Coron,Decalachao,,Flooded Areas,13 September 2024,,-Flooded Caltem Spillway and Hanging Bridge (approx 2ft),continuous monitoring and caution to vehicles,passable as of 15 September 2024,Subsided,FloodGeneral
22,7,MIMAROPA,PALAWAN,Coron,Barangay 5,,Flooded Areas,13 September 2024,,Flooded areas at Bancuang Baba (approx 3ft high),continuous monitoring,,Subsided,FloodGeneral
23,7,MIMAROPA,PALAWAN,Rizal (Marcos),Iraan,,Flooded Areas,13 September 2024,09:00 am,Water level rose to 1½ ft,,"subsided 4:10 PM, same date",Subsided,FloodGeneral
24,7,MIMAROPA,PALAWAN,Rizal (Marcos),Culasian,,Flooded Areas,13 September 2024,01:13 pm,water level rose to 3ft,"ongoing road clearing of MDRRMO, Palawan Rescue and other agencies","Subsided at September 14, 2024, 0400H",Subsided,FloodGeneral
25,7,MIMAROPA,PALAWAN,Rizal (Marcos),Taburi,,Flooded Areas,13 September 2024,12:10 pm,water level rose to 3ft,"ongoing road clearing of MDRRMO, Palawan Rescue and other agencies","Subsided at September 14, 2024, 0520H",Subsided,FloodGeneral
26,7,MIMAROPA,PALAWAN,Rizal (Marcos),Panalingaan,,Flooded Areas,13 September 2024,01:13 pm,water level rose to 1ft,"ongoing road clearing of MDRRMO, Palawan Rescue and other agencies","Subsided at September 14, 2024, 0430H",Subsided,FloodGeneral
27,7,MIMAROPA,PALAWAN,Rizal (Marcos),Bunog,,Flooded Areas,13 September 2024,11:13 am,water level rose to 1ft,"ongoing road clearing of MDRRMO, Palawan Rescue and other agencies","Subsided at September 14, 2024, 0430H",Subsided,FloodGeneral
28,8,MIMAROPA,PALAWAN,Rizal (Marcos),Ransang,,Fallen/Uprooted Tree,14 September 2024,09:00 pm,"per PDRRMO Report, a coconut tree fell down andit hit a house in Old Site, Brgy. Ransang, including the residents therein that resulted to the death of 2 individuals",brought victims to Rizal District Hospital,,,CollapseIndustrial
29,8,MIMAROPA,PALAWAN,Rizal (Marcos),Iraan,,Fallen/Uprooted Tree,17 September 2024,11:45 am,"A house was struck by a Falling Coconut; hitting the people inside the said house. 2 were declared dead on the spot, and 3 were Injured","victims were brought the hospital, The 3 injured individuals are were transported to a Medical Facility.",,,CollapseIndustrial
30,8,MIMAROPA,PALAWAN,San Vicente,Caruray,,Flooded Areas,14 September 2024,,approximate water level: 2 ft,,"Passable as of September 15, 2024",Subsided,FloodGeneral
31,8,MIMAROPA,PALAWAN,San Vicente,New Agutaya,,Flooded Areas,14 September 2024,,"approximate water level: 3 ft in Riverside, Purok Magsasaka",,"Passable as of September 15, 2024",Subsided,FloodGeneral
32,8,MIMAROPA,PALAWAN,San Vicente,Kemdeng,,Flooded Areas,14 September 2024,,approximate water level: 1 ft in Purok Ugnayan,,"Subsided as of 0600H September 18, 2024",Subsided,FloodGeneral
33,8,MIMAROPA,PALAWAN,San Vicente,Poblacion,,Flooded Areas,14 September 2024,,approximate water level: 1 ft in Purok Rosal,,"Passable as of September 15, 2024",Subsided,CoastalFlood
34,8,MIMAROPA,PALAWAN,Puerto Princesa,Bacungan,,Flooded Areas,14 September 2024,,"limited access, due to flooding (500mm/1.64ft)",clearing operation completed,subsided as of 15 September 2024,Subsided,FloodGeneral
35,8,MIMAROPA,PALAWAN,Puerto Princesa,Concepcion,,Flooded Areas,14 September 2024,,flooding (500mm/1.64ft),clearing operation completed,subsided as of 15 September 2024,Subsided,FloodGeneral
36,8,MIMAROPA,PALAWAN,Busuanga,Bogtong,,Maritime Incident,15 September 2024,07:00 am,Motorbanca sunk due to strong winds and big waves,Barangay Residents rescued the individuals involved in the sunken fishing boat,5 persons rescued,,Water
37,8,MIMAROPA,PALAWAN,Busuanga,Cheey,,Flooded Areas,18 September 2024,04:00 pm,Overflowing culvert that caused the road to become UNPASSABLE as per John Ray Aguilar,MDRRMO On going clearing Operations,"Passable as of September 20, 2024",Subsided,Flood
38,8,MIMAROPA,PALAWAN,Brookes Point,Saraza,,Fallen/Uprooted Tree,14 September 2024,09:00 am,"Fallen Tree, Partially Damaging Roof of a Resident",,,,CollapseMiscellaneous
39,9,MIMAROPA,PALAWAN,Brookes Point,Poblacion District II,,Fallen/Uprooted Tree,16 September 2024,,"Fallen Tree, Partially Damaging Roof of a Resident",,Clearing operation was conducted 1:00PM; 16 September 2024,,CollapseMiscellaneous
40,9,MIMAROPA,PALAWAN,Sofronio Española,Punang,,Vehicular Accident,17 September 2024,11:21 am,"as per MDRRMO, heavy rain is being experienced at the time of the addicdent and the road is slippery",Patients were transported to district hospital,,,Road
41,9,MIMAROPA,PALAWAN,Balabac,Mangsee,,Maritime Incident,16 September 2024,09:30 pm,"6 missing individuals, accordingly, the said individuals aboard a pump boat tried to save a boat being carried away by water but due to strong winds, they were not able to return to the island The group (Hji Apeh Julalie et al) were found alive in the vicinity of Tawi-tawi on 19 September 2024. On 21 September 2024, they were ferried back home aboard BRP Malapascua.",,reflected in DILG MDM,,Water
42,9,MIMAROPA,PALAWAN,Balabac,Salang,,Maritime Incident,17 September 2024,,,a boat capsized in the vicinity waters of Barangay Ramos in Balabac. this resulted to death of 3 of the passengers,per PDRRMO SitRep; DILG MDM,,Water
43,10,MIMAROPA,PALAWAN,Balabac,Catagupan,,Maritime Incident,16 September 2024,,"1 fisherman went missing when he chased his boat drifting away on September 16, 2024 and reported missing on September 17, 2024. UPDATE: About 5:30 PM of September 18, 2024, a cadaver was reported through to the Balabac MPS found at the mangrove area of Sitio Panaa, Barangay Catagupan, Balabac, Palawan by a fisherman at about 4:00 PM of September 18, 2024. The investigation conducted disclosed that the found cadaver was positively identified by the wife of the victim through the clothes he wore when he disappeared. Further, the family of the victim believed that the victim drowned while recovering his boat. The family decided to bury the cadaver immediately due to their religious tradition (Islam).",,per DILG MDM,,Water
44,10,MIMAROPA,OCCIDENTAL MINDORO,San Jose,Labangan Poblacion,,Flooded Areas,13 September 2024,,1 ft flood was reported at highway in front of Gaisano and NFA,,Subsided as per MDRRMO San Jose,Subsided,FloodGeneral
45,10,MIMAROPA,OCCIDENTAL MINDORO,Mamburao,Barangay 2,,Drowning,14 September 2024,01:40 pm,drowning incident at approximately 0.5 NM away from the shorelines of Barangay 2,"CGSS Mamburao SAR team conducted rescue operation and at around 1645H of same date, CGSS Mamburao SAR Team successfully rescued the said individual","rescued, patient brought to hospital",,Water
46,11,MIMAROPA,OCCIDENTAL MINDORO,Sablayan,Santo Niño,,Flooded Areas,14 September 2024,06:00 am,Not passable Flooded area 2 1/2 feet at Sitio Parao,,"Subsided as of September 18, 2024",Subsided,FloodGeneral
47,11,MIMAROPA,OCCIDENTAL MINDORO,Sablayan,Poblacion,,Flooded Areas,14 September 2024,06:00 am,Passable to light vehicles Flooded area at Zone 4,,"Subsided as of September 18, 2024",Subsided,FloodGeneral
48,11,MIMAROPA,OCCIDENTAL MINDORO,Sablayan,Tuban,,Flooded Areas,14 September 2024,08:00 pm,Flooded area 1 feet at Sitio Buscad Flooded area 1 1/2 feet at Sitio Tambungon; both passable,,"Subsided as of September 18, 2024",Subsided,FloodGeneral
49,11,MIMAROPA,OCCIDENTAL MINDORO,Sablayan,Buenavista,,Flooded Areas,14 September 2024,08:00 pm,Flooded area 1 feet at Sitio Maugong Flooded area 1 1/2 feet at Martinez St; both passable,,"Subsided as of September 18, 2024",Subsided,FloodGeneral
50,11,MIMAROPA,OCCIDENTAL MINDORO,Sablayan,Victoria,,Flooded Areas,15 September 2024,02:37 am,- Flooded area 2 feet at Zone 5 - Flooded area 2 feet at Zone 6 - Flooded area 2 feet at Zone 7,,"Subsided as of September 18, 2024 not passable",Subsided,FloodGeneral
51,11,MIMAROPA,OCCIDENTAL MINDORO,Sablayan,General Emilio Aguinaldo,,Flooded Areas,14 September 2024,08:46 am,1.5 feet flood water in Sitio Tambungon,,"Subsided as of September 18, 2024 passable",Subsided,FloodGeneral
52,11,MIMAROPA,OCCIDENTAL MINDORO,Sablayan,Ilvita,,Flooded Areas,15 September 2024,02:00 am,2.5 ft flooding in Zone 2,,Subsided as per MDRRMO Sablayan- not passable,Subsided,FloodGeneral
53,11,MIMAROPA,OCCIDENTAL MINDORO,Sablayan,Claudio Salgado,,Flooded Areas,15 September 2024,02:40 am,3 feet flooding incident in Sitio Pandan,,"Subsided as of September 18, 2024 not passable",Subsided,FloodGeneral
54,11,MIMAROPA,OCCIDENTAL MINDORO,Sablayan,Tagumpay,,Flooded Areas,15 September 2024,03:00 am,5 feet flood in Zone 1; 5 feet flood in Zone 2,,"Subsided as of September 18, 2024 not passable",Subsided,FloodGeneral
55,11,MIMAROPA,OCCIDENTAL MINDORO,Magsaysay,Nicolas,,Flooded Areas,14 September 2024,08:00 am,estimated 2-3 ft flood water in Sitio Bukal,,per MDRRMO SitRep No. 12,Subsided,FloodGeneral
56,11,MIMAROPA,OCCIDENTAL MINDORO,Magsaysay,Gapasan,,Flooded Areas,15 September 2024,07:00 am,Flood water with 1-2 feet level,,Subsided as per MDRRMO Magsaysay- Overflowing of flood water with estimated 1-2 feet above the surface - Not passable to all vehicles,Subsided,FloodGeneral
57,12,MIMAROPA,OCCIDENTAL MINDORO,Magsaysay,Poblacion,,Flooded Areas,15 September 2024,07:00 am,Flood water with 1-2 feet level in Barangay Poblacion to Santa Teresa Road,,Subsided as per MDRRMO Magsaysay- - Overflowing of flood water with estimated 1-2 feet above the surface - Passable to vehicles,Subsided,FloodGeneral
58,12,MIMAROPA,OCCIDENTAL MINDORO,Magsaysay,Caguray,,Flooded Areas,15 September 2024,06:30 am,"Flooded area, 2-3 feet level in Sitio Bayabas",,Subsided as per MDRRMO Magsaysay- Flooded with estimated 2-3 feet water level above the ground surface subsided per MDRRMO SitRep No. 12,Subsided,CoastalFlood
59,12,MIMAROPA,MARINDUQUE,Mogpog,Laon and Capayang,,Flooded Areas,13 September 2024,04:00 am,1 ft high flood water at Laon - Capayang Road Section,DPWH conducted clearing operations of blocked drainage of flood control,"Re-routing of traffic for small - light vehicle Reported subsided at 12:27 PM, 13 Sept 2024",Subsided,FloodGeneral
60,12,MIMAROPA,MARINDUQUE,Boac,Bangbangalon,,Flooded Areas,13 September 2024,08:30 pm,1 ft deep,,Passable to all types of Vehicle,Subsided,FloodGeneral
61,12,MIMAROPA,MARINDUQUE,Boac,Isok I,,Flooded Areas,13 September 2024,08:30 pm,2 ft deep,,Passable to all types of Vehicle,Subsided,FloodGeneral
62,12,MIMAROPA,MARINDUQUE,Boac,Isok II,,Flooded Areas,13 September 2024,08:30 pm,2 ft deep,,Passable to all types of Vehicle,Subsided,FloodGeneral
63,12,MIMAROPA,MARINDUQUE,Boac,Malusak,,Flooded Areas,13 September 2024,08:25 pm,2-3ft deep,,Passable to all types of Vehicle,Subsided,FloodGeneral
64,12,MIMAROPA,MARINDUQUE,Boac,Mercado,,Flooded Areas,13 September 2024,09:00 pm,2 ft deep,,Passable to all types of Vehicle,Subsided,FloodGeneral
65,12,MIMAROPA,MARINDUQUE,Boac,Daypay,,Flooded Areas,13 September 2024,09:30 pm,2 ft deep,,Passable to all types of Vehicle,Subsided,FloodGeneral
66,13,MIMAROPA,ROMBLON,Cajidiocan,Cambijang,,Landslide (Rain- Induced),13 September 2024,,"Per MDRRMO, the landslide occurred due to the recent weather disturbances that have brought continuous light to heavy rain. It caused the evacuation of 25 families / 84 persons to Cambijang Elementary School,",,,,LandslideWet
67,13,MIMAROPA,ORIENTAL MINDORO,Bulalacao (San Pedro),San Roque,,Landslide (Rain- Induced),13 September 2024,,"Per MDRRMO, the landslide occurred due to the recent weather disturbances that have brought continuous light to heavy rain. It caused the evacuation of 4 families / 18 persons to the Barangay Hall and destruction of 30 houses (totally - 4; partially - 26).",,,,LandslideWet
68,13,REGION 5,SORSOGON,Donsol,,,Flooded Areas,13 September 2024,08:00 am,2 barangays,,,Subsided,FloodGeneral
69,13,REGION 5,SORSOGON,Juban,,,Flooded Areas,13 September 2024,08:00 am,3 barangays,,,Subsided,FloodGeneral
70,13,REGION 5,SORSOGON,Magallanes,,,Flooded Areas,13 September 2024,08:00 am,2 barangays,,,Subsided,FloodGeneral
71,13,REGION 5,CAMARINES NORTE,Daet,,,Flooded Areas,13 September 2024,,5 barangays,,,Subsided,FloodGeneral
72,13,REGION 5,CAMARINES SUR,Nabua,,,Flooded Areas,13 September 2024,,3 barangays,,,Flooded,FloodGeneral
73,13,REGION 5,CAMARINES SUR,Nabua,,,Flooded Areas,13 September 2024,,35 barangays,,,Subsided,FloodGeneral
74,13,REGION 5,CAMARINES SUR,Sipocot,,,Flooded Areas,13 September 2024,,3 barangays,,,Subsided,FloodGeneral
75,14,REGION 5,CAMARINES SUR,Gainza,,,Flooded Areas,18 September 2024,08:45 am,7 barangays,,,Subsided,FloodGeneral
76,14,REGION 5,CAMARINES SUR,San Fernando,,,Flooded Areas,14 September 2024,06:00 am,13 barangays,,,Subsided,FloodGeneral
77,14,REGION 5,CAMARINES SUR,Milaor,,,Flooded Areas,14 September 2024,06:00 am,5 barangays,,,Subsided,FloodGeneral
78,14,REGION 5,CAMARINES SUR,Minalabac,,,Flooded Areas,14 September 2024,09:30 am,20 barangays,,,Subsided,FloodGeneral
79,14,REGION 5,CAMARINES SUR,Pamplona,,,Flooded Areas,14 September 2024,09:30 am,1 barangay,,,Subsided,FloodGeneral
80,14,REGION 5,CAMARINES SUR,Bula,,,Flooded Areas,14 September 2024,09:30 am,6 barangays,,,Flooded,FloodGeneral
81,14,REGION 5,CAMARINES SUR,Bula,,,Flooded Areas,14 September 2024,09:30 am,2 barangays,,,Subsided,FloodGeneral
82,14,REGION 5,CAMARINES SUR,Calabanga,,,Flooded Areas,14 September 2024,03:00 pm,2 barangays,,,Subsided,FloodGeneral
83,14,REGION 5,CAMARINES SUR,Magarao,,,Flooded Areas,14 September 2024,12:30 pm,1 barangay,,,Subsided,FloodGeneral
84,14,REGION 5,CAMARINES SUR,Baao,,,Flooded Areas,14 September 2024,04:05 pm,1 barangay,,,Flooded,FloodGeneral
85,14,REGION 5,CAMARINES SUR,Baao,,,Flooded Areas,14 September 2024,04:05 pm,4 barangay,,,Subsided,FloodGeneral
86,14,REGION 5,CAMARINES SUR,Bato,,,Flooded Areas,13 September 2024,08:00 am,6 barangays,,,Flooded,FloodGeneral
87,14,REGION 5,CAMARINES SUR,Bato,,,Flooded Areas,13 September 2024,08:00 am,12 barangays,,,Subsided,FloodGeneral
88,14,REGION 5,CAMARINES SUR,Buhi,,,Flooded Areas,15 September 2024,,2 barangays,,,Subsided,FloodGeneral
89,14,REGION 5,CAMARINES SUR,Buhi,,,Landslide (Rain- Induced),16 September 2024,,1 barangay-10 families evacuated,,,,LandslideWet
90,14,REGION 5,CAMARINES SUR,Iriga,,,Flooded Areas,16 September 2024,,6 barangays,,,Subsided,FloodGeneral
91,14,REGION 5,ALBAY,Polangui,,,Flooded Areas,16 September 2024,,4 barangays,,,Subsided,FloodGeneral
92,15,REGION 6,ANTIQUE,Hamtic,Buhang,,Flooded Areas,12 September 2024,03:00 pm,-1 foot above Flood waters reached two (2) classrooms,"Buhang National High School issued school memorandum No. 01, s. 2024, suspending the afternoon class",,Subsided,FloodGeneral
93,15,REGION 6,ANTIQUE,Hamtic,Bia-an,,Flooded Areas,12 September 2024,07:30 pm,Below knee level flood; flooded houses,,,Subsided,FloodGeneral
94,15,REGION 6,ANTIQUE,Hamtic,Caridad,,Flooded Areas,13 September 2024,12:00 am,Knee level flood; flooded houses,,,Subsided,FloodGeneral
95,15,REGION 6,ANTIQUE,Hamtic,Gen. Fullon,,Flooded Areas,13 September 2024,12:00 am,Knee level flood; flooded houses,,,Subsided,FloodGeneral
96,15,REGION 6,ANTIQUE,Hamtic,Poblacion 3,,Flooded Areas,13 September 2024,12:00 am,Knee level flood; flooded houses,,,Subsided,FloodGeneral
97,15,REGION 6,ANTIQUE,Hamtic,"Sitio Guruan, Piapi I",,Flooded Areas,13 September 2024,03:00 am,Approximately 2 ft. flood; flooded houses,"Prevailing floodwaters as of September 13, 2024, 9:40 A.M.",,Subsided,FloodGeneral
98,15,REGION 6,ANTIQUE,Hamtic,Budbudan,,Flooded Areas,13 September 2024,03:00 am,Knee level flood; flooded houses,,,Subsided,FloodGeneral
99,15,REGION 6,ANTIQUE,Hamtic,Malandog,,Flooded Areas,13 September 2024,03:00 am,Knee level flood; flooded houses,,,Subsided,FloodGeneral
100,15,REGION 6,ANTIQUE,Hamtic,Poblacion 2,,Flooded Areas,13 September 2024,03:00 am,Knee level flood; flooded houses,,,Subsided,FloodGeneral
101,15,REGION 6,ANTIQUE,Barbaza,Yapo,,Flooded Areas,12 September 2024,04:30 pm,One house has been swept away by the flood due to its proximity to the river area,"As of 3:20 pm, September 13, 2024, flooded area in Brgy Yapo is",,Subsided,FloodGeneral
102,15,REGION 6,ANTIQUE,Barbaza,Capuyuan,,Flooded Areas,12 September 2024,04:50 pm,-1 foot above Ankle-level flood,"As of 3:20 pm, September 13, 2024, flooded area in Brgy Capuyuan is already subsided",,Subsided,FloodGeneral
103,15,REGION 6,ANTIQUE,Patnongon,Igbarawan,,Flooded Areas,12 September 2024,06:15 pm,"Below knee level flood, still passable","Sept 13, 2024 as of 5:00 PM, gradually subsided",,Subsided,FloodGeneral
104,15,REGION 6,ANTIQUE,Patnongon,Carit-an,,Flooded Areas,12 September 2024,06:15 pm,"Below knee level flood, still passable","Sept 13, 2024 as of 5:00 PM, gradually subsided",,Subsided,FloodGeneral
105,15,REGION 6,ANTIQUE,Bugasong,Ilaures,,Flooded Areas,12 September 2024,05:00 pm,-1 foot above Flood waters over national highway,"Sept 13, 2024 as of 8:00 PM, gradually subsided",,Subsided,FloodGeneral
106,16,REGION 6,ANTIQUE,Bugasong,Cubay South,,Flooded Areas,12 September 2024,06:30 pm,-1 foot above Flood waters over national highway,Passable to all types of vehicles,"Sept 13, 2024 as of 8:00 PM, totally subsided",Subsided,FloodGeneral
107,16,REGION 6,ANTIQUE,Laua-an,Lugta,,Flooded Areas,12 September 2024,08:30 pm,-1 foot above Flood waters over Lugta housing,,Gradually subsided as of 8:43 PM,Subsided,FloodGeneral
108,16,REGION 6,ANTIQUE,Pandan,"Purok 4, Centro Norte",,Flooded Areas,12 September 2024,08:37 pm,Waist level flood,,"As of 4:00 PM, flood level in Centro Sur, North, Baybay, Carmen, Bagumbayan, Talisay, Cabugao and Jinalinan have already subsided",Subsided,FloodGeneral
109,16,REGION 6,ANTIQUE,Pandan,Centro Sur,,Flooded Areas,13 September 2024,05:00 am,Waist level flood and neck level flood in some areas,,"As of 4:00 PM, flood level in Centro Sur, North, Baybay, Carmen, Bagumbayan, Talisay, Cabugao and Jinalinan have already subsided",Subsided,FloodGeneral
110,16,REGION 6,ANTIQUE,Pandan,Carmen,,Flooded Areas,13 September 2024,05:00 am,Waist level flood,,"As of 4:00 PM, flood level in Centro Sur, North, Baybay, Carmen, Bagumbayan, Talisay, Cabugao and Jinalinan have already subsided",Subsided,FloodGeneral
111,16,REGION 6,ANTIQUE,Pandan,Bagumbayan,,Flooded Areas,13 September 2024,05:00 am,Chest level flood near river banks,,"As of 4:00 PM, flood level in Centro Sur, North, Baybay, Carmen, Bagumbayan, Talisay, Cabugao and Jinalinan have already subsided",Subsided,FloodGeneral
112,16,REGION 6,ANTIQUE,Pandan,Jinalinan,,Flooded Areas,13 September 2024,05:30 am,Waist level flood,,"As of 4:00 PM, flood level in Centro Sur, North, Baybay, Carmen, Bagumbayan, Talisay, Cabugao and Jinalinan have already subsided",Subsided,FloodGeneral
113,16,REGION 6,ANTIQUE,Pandan,Baybay,,Flooded Areas,13 September 2024,05:00 am,Waist level flood,,"As of 4:00 PM, flood level in Centro Sur, North, Baybay, Carmen, Bagumbayan, Talisay, Cabugao and Jinalinan have already subsided",Subsided,FloodGeneral
114,17,REGION 6,ANTIQUE,Pandan,Talisay,,Flooded Areas,13 September 2024,05:30 am,-1 foot above Ankle level,,"As of 4:00 PM, flood level in Centro Sur, North, Baybay, Carmen, Bagumbayan, Talisay, Cabugao and Jinalinan have already subsided",Subsided,FloodGeneral
115,17,REGION 6,ANTIQUE,San Remigio,Magdalena,,Flooded Areas,12 September 2024,08:00 pm,The whole Barangay was flooded due to continuous rains and since it is a flood prone area and 210 families were affected,Requested immediate assistance from the PDRRMO,,Subsided,FloodGeneral
116,17,REGION 6,ANTIQUE,Sibalom,District III (Crossing Aldea),,Flooded Areas,12 September 2024,05:30 pm,1-foot water level,Impassable to light vehicles as of the moment,"Sept 13, 2024 as of 6:00 AM, gradually subsided. Passable to all types of vehicles Sept 13, 2024 as of 9:00 PM, totally subsided",Subsided,FloodGeneral
117,17,REGION 6,ANTIQUE,Sibalom,Catungan I-II,,Flooded Areas,12 September 2024,08:30 pm,-1 foot above Ankle to knee level,Flood water over National Road of Catungan I going to Catungan II,"Sept 13, 2024 as of 5:00 AM, gradually subsided Sept 13, 2024 as of 7:00 PM, gradually subsided",Receding,FloodGeneral
118,17,REGION 6,ANTIQUE,Sibalom,Dist. III,,Flooded Areas,12 September 2024,06:30 pm,Above ankle level,Flooding beside Sibalom SCES,"Sept 13, 2024 as of 5:00 AM, totally subsided",Subsided,FloodGeneral
119,17,REGION 6,ANTIQUE,Sibalom,Villar,,Flooded Areas,12 September 2024,09:20 pm,-1 foot above Ankle level,Irrigation canal overflow at Brgy road in Villar,"Sept 13, 2024 as of 12:00 MN, gradually subsided",Subsided,FloodGeneral
120,17,REGION 6,ANTIQUE,Sibalom,Tigbalua 1,,Fallen/Uprooted Tree,12 September 2024,12:00 am,"As of September 12, 2024. Uprooted Star Apple Tree, one house partially damage","As of September 13, 2024, Barangay official ongoing clearing operation",,,CollapseMiscellaneous
121,17,REGION 6,ILOILO,Iloilo City,PHHC Block 17,,Flooded Areas,17 September 2024,06:45 am,1 foot,,,Subsided,FloodGeneral
122,17,REGION 6,ILOILO,Iloilo City,Sta. Rosa,,Flooded Areas,17 September 2024,,1 foot,,,Subsided,FloodGeneral
123,17,REGION 7,NEGROS ORIENTAL,Zamboanguita,Brgy. Lutuban,,Flooded Areas,13 September 2024,09:00 am,,,,Subsided,FloodGeneral
124,18,REGION 7,NEGROS ORIENTAL,Zamboanguita,Brgy. Mayabon,,Flooded Areas,13 September 2024,09:00 am,,,,Subsided,FloodGeneral
125,18,REGION 7,NEGROS ORIENTAL,Zamboanguita,Brgy. Basak,,Flooded Areas,13 September 2024,09:00 am,,,,Subsided,FloodGeneral
126,18,REGION 7,NEGROS ORIENTAL,Siaton,Brgy. Albiga,,Flooded Areas,13 September 2024,09:00 am,,,,Subsided,FloodGeneral
127,18,REGION 7,NEGROS ORIENTAL,Siaton,Brgy. Canaway,,Flooded Areas,13 September 2024,09:00 am,,,,Subsided,FloodGeneral
128,18,REGION 7,NEGROS ORIENTAL,Siaton,Brgy. Sumaliring,,Flooded Areas,13 September 2024,09:00 am,,,,Subsided,FloodGeneral
129,18,REGION 7,NEGROS ORIENTAL,Siaton,Brgy. Poblacion 4,,Flooded Areas,13 September 2024,09:00 am,,,,Subsided,FloodGeneral
130,18,REGION 7,NEGROS ORIENTAL,Siaton,Brgy. Poblacion 3,,Flooded Areas,13 September 2024,09:00 am,,,,Subsided,FloodGeneral
131,18,REGION 7,NEGROS ORIENTAL,Siaton,Brgy. Mantuyop,,Flooded Areas,13 September 2024,09:00 am,,,,Subsided,FloodGeneral
132,18,REGION 7,NEGROS ORIENTAL,Santa Catalina,Brgy. Fatima,,Flooded Areas,13 September 2024,09:00 am,,,,Subsided,FloodGeneral
133,18,REGION 7,NEGROS ORIENTAL,Santa Catalina,Brgy. Poblacion,,Flooded Areas,13 September 2024,09:00 am,,,,Subsided,FloodGeneral
134,18,REGION 7,NEGROS ORIENTAL,Santa Catalina,Brgy. Amio,,Flooded Areas,13 September 2024,09:00 am,,,,Subsided,FloodGeneral
135,18,REGION 7,NEGROS ORIENTAL,Santa Catalina,Brgy. San Pedro,,Flooded Areas,13 September 2024,09:00 am,,,,Subsided,FloodGeneral
136,18,REGION 7,NEGROS ORIENTAL,Santa Catalina,Brgy San Francisco,,Flooded Areas,16 September 2024,09:01 am,,,,Subsided,FloodGeneral
137,18,REGION 7,NEGROS ORIENTAL,Canlaon,Brgy Linothangan,,Flooded Areas,13 September 2024,03:01 am,,,,Subsided,FloodGeneral
138,18,REGION 7,NEGROS ORIENTAL,Canlaon,Brgy Lumapao,,Flooded Areas,13 September 2024,03:01 am,,,,Subsided,FloodGeneral
139,18,REGION 7,NEGROS ORIENTAL,Bayawan (Tulong),Brgy. Nangka,,Flooded Areas,13 September 2024,09:00 am,,,,Subsided,FloodGeneral
140,18,REGION 7,NEGROS ORIENTAL,Bayawan (Tulong),Brgy. Kalumbuyan,,Flooded Areas,13 September 2024,09:00 am,,,,Subsided,FloodGeneral
141,18,REGION 7,NEGROS ORIENTAL,Bayawan (Tulong),Brgy. Poblacion,,Flooded Areas,13 September 2024,09:00 am,,,,Subsided,FloodGeneral
142,18,REGION 7,NEGROS ORIENTAL,Bayawan (Tulong),Brgy. San Jose,,Flooded Areas,13 September 2024,09:00 am,,,,Subsided,FloodGeneral
143,18,REGION 7,NEGROS ORIENTAL,Bayawan (Tulong),Brgy. Banga,,Flooded Areas,13 September 2024,09:00 am,,,,Subsided,FloodGeneral
144,18,REGION 7,NEGROS ORIENTAL,Basay,Brgy Poblacion,,Flooded Areas,13 September 2024,09:00 am,,,,Subsided,FloodGeneral
145,18,REGION 7,NEGROS ORIENTAL,Vallehermoso,Brgy Tagbino,,Flooded Areas,16 September 2024,09:01 am,,,,Subsided,FloodGeneral
146,18,REGION 7,BOHOL,Panglao,,,Maritime Incident,12 September 2024,11:39 am,"Capsizing of three Pumpboats (RBCA Margie, RBCA Plaza, RBCA Leah Mae)",,All 20 passengers of the 3 motorbancas were rescued by CGSS Panglao,,Water
147,19,REGION 7,BOHOL,Panglao,,,Drowning,12 September 2024,,"A boatman from Tauran, Inabanga, Bohol fell from his half submerged motor banca that causes his drowning and death around 1139H 12 September 2024.",,His body was retrieved by SOU-WB Sub- Station Personnel,,Water
148,19,REGION 9,ZAMBOANGA DEL SUR,Zamboanga City,Tumaga,,Flooded Areas,14 September 2024,10:19 am,,Dispatched rescue vehicle and personnel,,Subsided,FloodGeneral
149,19,REGION 9,ZAMBOANGA DEL SUR,Zamboanga City,Guiwan,,Flooded Areas,14 September 2024,10:19 am,,Dispatched rescue vehicle and personnel,,Subsided,FloodGeneral
150,19,REGION 9,ZAMBOANGA DEL SUR,Zamboanga City,Pasonanca,,Flooded Areas,14 September 2024,10:19 am,,Dispatched rescue vehicle and personnel,,Subsided,FloodGeneral
151,19,REGION 9,ZAMBOANGA DEL SUR,Zamboanga City,Putik,,Flooded Areas,14 September 2024,10:19 am,,Dispatched rescue vehicle and personnel,,Subsided,FloodGeneral
152,19,REGION 9,ZAMBOANGA DEL SUR,Zamboanga City,San Jose Gusu,,Flooded Areas,14 September 2024,10:19 am,,Dispatched rescue vehicle and personnel,,Subsided,FloodGeneral
153,19,REGION 9,ZAMBOANGA DEL SUR,Zamboanga City,Tetuan,,Flooded Areas,14 September 2024,10:19 am,,Dispatched rescue vehicle and personnel,,Subsided,FloodGeneral
154,19,REGION 9,ZAMBOANGA DEL SUR,Zamboanga City,Sta Maria,,Flooded Areas,14 September 2024,10:19 am,,Dispatched rescue vehicle and personnel,,Subsided,FloodGeneral
155,19,REGION 9,ZAMBOANGA DEL SUR,Dinas,,,Flooded Areas,17 September 2024,04:00 pm,,,,Subsided,FloodGeneral
156,19,REGION 9,ZAMBOANGA DEL NORTE,Sirawai,18 Barangays Affected,,Flooded Areas,14 September 2024,05:00 pm,Responded to the incident,,,Subsided,FloodGeneral
157,19,REGION 9,ZAMBOANGA DEL NORTE,Liloy,3 affected barangays,,Collapsed Structure,13 September 2024,04:30 am,- Residential Houses were hit by the uprooted trees due to moderate to strong winds,Conducted clearing operation,-Coordinated with the Brgy Officials to conduct joint clearing operations. -Conducted clearing operation of debris -Provided initial assistance by providing food and non- food items. -Coordinated with the Brgy Officials to conduct joint clearing operations.,,SevereWeather
158,20,REGION 9,ZAMBOANGA DEL NORTE,Dipolog,,,Flooded Areas,17 September 2024,09:35 am,,"-Deployment of Clearing Teams from CDRRMO, ZANECO, BDRRM personne -CDRRMO personnel and Barangay Tanods were dispatched to keep the public from swimming -Prepared and distributed Hot meals and relief goods.",-intense monitoring of the area were flooded area -residents refused to evacuate inspite the advise of the City and the Barangay instead stayed with their neighbors and relative in the area -Distribution of relief goods will continue tomorrow -Partially damaged houses were repaired,Subsided,FloodGeneral
159,20,REGION 9,ZAMBOANGA DEL NORTE,Siocon,8 affected barangays,,Flooded Areas,14 September 2024,12:00 pm,,Conducted clearing operations to the damaged houses together with BDRRMC.,,Subsided,FloodGeneral
160,20,REGION 9,ZAMBOANGA SIBUGAY,Imelda,,,Flooded Areas,17 September 2024,12:15 am,,10 affected barangays,,Subsided,FloodGeneral
161,20,REGION 9,ZAMBOANGA SIBUGAY,Diplahan,8 affected barangays,,Flooded Areas,16 September 2024,04:00 pm,,,,Subsided,FloodGeneral
162,20,REGION 9,ISABELA CITY,Isabela City,,,Flooded Areas,13 September 2024,04:00 am,,,,Subsided,FloodGeneral
163,21,REGION 10,CAMIGUIN,Province-Wide,,,Tornado/Destructive Winds/Strong Winds,12 September 2024,,"Five (5) municipalities of Camiguin experienced strong winds which resulted to two (2) partially damaged houses, several power interruptions, cancellation of classes as well as flights and sea travel.",,,,SevereWeather
164,21,REGION 10,CAMIGUIN,Sagay,,,Big Waves,12 September 2024,,"- Sagay, Camiguin experienced big waves along its coastal areas and prompted the Local Government Unit to enforce pre-emptive evacuation",,,,WaveAction
165,21,REGION 10,MISAMIS ORIENTAL,Binuangan,Dampias,,Big Waves,13 September 2024,,"Binuangan, Misamis Oriental also experienced big waves affecting coastal area and enforced pre- emptive evacuation.",Pre-emptive evacuation,,,WaveAction
166,21,REGION 10,LANAO DEL NORTE,Sultan Naga Dimaporo (Karomatan),Dableston,,Tornado/Destructive Winds/Strong Winds,13 September 2024,,A whirlwind incident had occurred in the Municipality of Sultan Naga Dimaporo in Lanao del Norte which partially damaged Forty-Seven (47) houses.,,,,Tornado
167,21,REGION 11,DAVAO ORIENTAL,Governor Generoso,Poblacion,,Tornado/Destructive Winds/Strong Winds,12 September 2024,03:00 pm,Experienced strong winds that uprooted some trees and brought damage to motorized boats and houses.,,,,SevereWeather
168,22,REGION 11,DAVAO ORIENTAL,Governor Generoso,Chicote,,Tornado/Destructive Winds/Strong Winds,12 September 2024,03:00 pm,Experienced strong winds that brought damage to motorized boats and houses.,,"experienced a reoccurrence of strong winds last September 18, 2024, at around 4:30 pm.",,SevereWeather
169,22,REGION 11,DAVAO ORIENTAL,Governor Generoso,Tibanban,,Tornado/Destructive Winds/Strong Winds,12 September 2024,03:00 pm,Experienced strong winds brought damage to motorized boats.,,,,SevereWeather
170,22,REGION 11,DAVAO OCCIDENTAL,Jose Abad Santos (Trinidad),Butulan,,Tornado/Destructive Winds/Strong Winds,12 September 2024,04:00 pm,Experienced heavy rains and strong winds that caused damage to some houses.,,,,SevereWeather
171,22,REGION 11,DAVAO OCCIDENTAL,Jose Abad Santos (Trinidad),Malalan,,Tornado/Destructive Winds/Strong Winds,12 September 2024,04:00 pm,Experienced heavy rains and strong winds that caused damage to some houses.,,,,SevereWeather
172,22,REGION 11,DAVAO DEL SUR,Santa Cruz,Astorga,,Flooded Areas,18 September 2024,,Reported street flooding above ankle to knee level,,,Receding,FloodGeneral
173,22,REGION 11,DAVAO CITY,No breakdown,Bucana,,Flooded Areas,19 September 2024,12:55 am,Street flooding above ankle to knee level,,,Receding,FloodGeneral
174,22,REGION 11,DAVAO CITY,No breakdown,Matina Crossing,,Flooded Areas,18 September 2024,07:53 pm,Street flooding ankle to knee level,,,Receding,FloodGeneral
175,22,REGION 11,DAVAO CITY,No breakdown,Matina Aplaya,,Flooded Areas,19 September 2024,12:35 am,Street flooding knee level,,,Receding,FloodGeneral
176,22,REGION 11,DAVAO CITY,No breakdown,Talomo Proper,,Flooded Areas,18 September 2024,,Street flooding ankle to knee level,,,Receding,FloodGeneral
177,22,REGION 11,DAVAO CITY,No breakdown,Maa,,Flooded Areas,19 September 2024,01:47 am,Street flooding waist- deep level,,,Receding,FloodGeneral
178,22,REGION 12,SULTAN KUDARAT,Kalamansig,Sta Maria,,Flooded Areas,12 September 2024,05:30 pm,,,,Subsided,FloodGeneral
179,22,REGION 12,SULTAN KUDARAT,Lebak,,,Flooded Areas,13 September 2024,05:00 pm,18 brgys were affected,,,Subsided,FloodGeneral
180,23,REGION 12,SARANGANI,Maasim,Daliao,,Fallen/Uprooted Tree,12 September 2024,12:00 pm,fallen trees caused by strong winds with heavy rainfall,,,,SevereWeather
181,23,REGION 12,SARANGANI,Malapatan,Sapu Padidu,,Fallen/Uprooted Tree,12 September 2024,01:30 pm,fallen trees caused by strong winds with heavy rainfall,,,,SevereWeather
182,23,REGION 12,SARANGANI,Malapatan,Poblacion,,Fallen/Uprooted Tree,12 September 2024,01:30 pm,A Temporary Learning Shelter was damaged due to uprooted tree caused by strong winds with heavy rainfall,,,,SevereWeather
183,23,REGION 12,SARANGANI,Malapatan,Lun Padidu,,Fallen/Uprooted Tree,12 September 2024,01:30 pm,1 house was partially damaged / 1 vehicular accident,,,,CollapseMiscellaneous
184,23,REGION 12,COTABATO,Alamada,,,Flooded Areas,13 September 2024,09:00 pm,,,Reported as subsided via phone call.,Subsided,FloodGeneral
185,23,REGION 12,COTABATO,Pigcawayan,,,Flooded Areas,14 September 2024,04:00 pm,-Brgy. Bulucaon experienced flashflood and backflow flow from Rio Grande de Mindanao. -Brgy. Poblacion was flooded due to the large volume of rainwater from upstream areas.,,,Receding,FlashFlood
186,23,REGION 12,COTABATO,Libungan,Cabpangi,,Flooded Areas,14 September 2024,,The Irrigation System overflowed due to excessive rainwater and affected 13 families.,,Reported as subsided via phone call.,Subsided,FloodGeneral
187,24,BARMM,LANAO DEL SUR,Malabang,,,Flooded Areas,13 September 2024,01:30 pm,"On 13 September 2024, around 01:30 PM flash floods were experienced at Malabang and Balabagan due to incessant rains brought about by the Southwest Monsoon affecting Mindanao. In addition, several uprooted trees have been reported in several municipalities in the province","- Local DRRM Officers and other stakeholders in the area responded to the incidents, conducted rescue operations to affected families and stranded commuters. - Conducted Clearing operation at Narciso Ramos National High Way in Malabang Lanao del Sur - Conducted Clearing operation due to uprooted tree at Baragay Paigoay, Marogong Lanao del Sur. - Conducted clearing operation for the fallen trees at Ibn Kaldon Integrated School, Pagalamatan, Binidayan, Lanao del Sur.",,Flooded,FlashFlood
188,24,BARMM,LANAO DEL SUR,Malabang,Cabasaran,,Fallen/Uprooted Tree,13 September 2024,,Resulted in 4 dead and 3 injured persons.,,Still for verification and validation.,,CollapseMiscellaneous
189,24,BARMM,LANAO DEL SUR,Balabagan,,,Flooded Areas,13 September 2024,,"On 13 September 2024, around 01:30 PM flash floods were experienced at Malabang and Balabagan due to incessant rains brought about by the Southwest Monsoon affecting Mindanao. In addition, several uprooted trees have been reported in several municipalities in the province.","- Local DRRM Officers and other stakeholders in the area responded to the incidents, conducted rescue operations to affected families and stranded commuters. - Conducted clearing operations at Narciso Ramos National High Way in Malabang Lanao del Sur. - Conducted clearing operations due to uprooted tree at Baragay Paigoay, Marogong Lanao del Sur. - Conducted clearing operations for the fallen trees at Ibn Kaldon Integrated School, Pagalamatan, Binidayan, Lanao del Sur.",,Flooded,FlashFlood
190,25,BARMM,MAGUINDANAO DEL NORTE,Upi,,,Flooded Areas,13 September 2024,,"On 13 September 2024, flooding incident were reported at Sitio Kabugkabug and Dela Fuente, Brgy. Rempes and Sitio Magutay, Brgy. Kabakaba, Upi due to moderate to heavy rainfall experienced in the area.","- On 12 September 2024, conducted Pre disaster risk assessment. - Activated the Upi Emergency Operation Center - Continuous issuance and updating of weather forecast on social media and through text blast. - Continuous monitoring of water level along Matuber River, Nuro Creek, and Tubuan River. - Conducted clearing operations in Brgy Rempes, Darugao, Kibleg, and Nangi, Upi.",,Subsided,FlashFlood
191,25,BARMM,MAGUINDANAO DEL NORTE,Datu Odin Sinsuat (Dinaig),,,Fallen/Uprooted Tree,13 September 2024,,"On 13 September 2024, fallen trees were reported in Datu Odin Sinsuat, Maguindanao del Norte, which resulted in 3 injured persons.",Continuous monitoring to the 35 BDRRMCs.,Said incidents happened in Barangay Awang and Barangay Capiton. Still subject for validation.,,CollapseMiscellaneous
192,25,BARMM,MAGUINDANAO DEL NORTE,Sultan Kudarat (Nuling),,,Flooded Areas,15 September 2024,12:00 pm,"On 15 September 2024. 12:00 PM, MDRRMO reported flooding in Brgy Gang and Limbo due to overflow of water in Nuling Creek due to heavy rainfall in the area.",Continuous monitoring to the BDRRMCs.,,Flooded,FlashFlood
193,25,BARMM,MAGUINDANAO DEL NORTE,Sultan Sumagka (Talitay),,,Flooded Areas,16 September 2024,,"On 16 September 2024. 11:00 PM, MDRRMO reported flooding in most of the AOR of Talitay, they experienced heavy rainfall resulting to spread of additional volume of water.",-Convening BDRRMC and MDRRMC -Lobbying to higher office for possible interventions and supports,,Flooded,FlashFlood
194,26,BARMM,MAGUINDANAO DEL SUR,Guindulungan,,,Flooded Areas,14 September 2024,12:10 am,"On 14 September 2024, around 12:10AM MDRRMO reported that Sitio Panusolen and Sitio Balas of Barangay Muti, Guindulungan are already flooded due to incessant rain experienced.","- Monitoring and constant coordination, warning, sounding of sirens. - Directive to implement pre-emptive action. - Implementation of pre- emptive action. - Deployment of Rescue Team, assessment of the situation, meetings and instructions, sustain preparedness and intact of responders. - Deployment of responders. - Traffic arrangements with PNP. - Initial assessments, enlistment of affected families, preparations for relief operations",,Flooded,FlashFlood
195,27,BARMM,MAGUINDANAO DEL SUR,Talayan,,,Flooded Areas,14 September 2024,01:10 am,"On 14 September 2024, around 01:10 AM MDRRMO reported that Brgy TambunanI, Brgy Timbaluan, and Brgy South Binangga, Talayan, MDS are flooded due to incessant rainfall.","- Continuous assessment and validating the situation. - Municipal Emergency Operation Center (EOC) is activated. - BFP, AFP, PNP, MDRRMO RESCUE TEAM, BPATS and Volunteers are also in the area to monitor and rescue the affected families. - MMO and ME conducted validation and assessment in the area. - DPWH 12 assessed and inspect the National Road and Bridges. - Conducted inventory of response resource. - Closely monitored of current situation. - Disseminated warning information to the barangay officials. - Continuous coordination to the Barangay Officials. - Immediate distribution of drinking water and foods. - Preparation for another distribution of Food Packs.",,Flooded,FlashFlood
196,27,BARMM,MAGUINDANAO DEL SUR,Paglat,,,Flooded Areas,13 September 2024,,"On 13 September 2024, due to the effects of Southwest Monsoon affecting Mindanao, the municipality of Paglat experienced Heavy Rainfall which resulted to flooding of the low- lying areas in the municipality.",Continuous assessment and validating the situation.,,Flooded,FlashFlood
197,28,BARMM,MAGUINDANAO DEL SUR,Mamasapano,,,Flooded Areas,13 September 2024,,"-On 13 September 2024, due to the effects of the Southwest Monsoon affecting Mindanao, the municipality of Mamasapano experienced Heavy Rainfall which resulted in flooding of the low- lying areas in the municipality. -As of 14 September 2024, six (6) barangays in Mamasapano were flooded.","-Monitoring for possible pre-emptive or force evacuation of the residents. -Alerted the Barangay DRRM Council. -Send warnings and advisories. -Released situation report. -Activated Blue Alert Status. -Standby emergency responders from BLGU, 33rd IB, 6th IB, MPS Mamasapano, and BFP Mamasapano.",,Flooded,FlashFlood
198,28,BARMM,MAGUINDANAO DEL SUR,Rajah Buayan,,,Flooded Areas,15 September 2024,,"On 15 September 2024, MDRRMO reported flooding in ten (10) barangays of Rajah Buayan.",-Conducted RDANA to flood affected areas. -Conducted continuous monitoring to flood affected areas.,,Flooded,FlashFlood
199,28,BARMM,MAGUINDANAO DEL SUR,Datu Abdullah Sangki,,,Flooded Areas,15 September 2024,,"On 15 September 2024, MDRRMO reported heavy rainfall that caused swelling of rivers and creeks that led to flooding in residential and agricultural areas in the municipality of Datu Abdullah Sangki. Numbers of affected families and hectares of affected agricultural land is still subject for validation.",-MDRRMO conducted assessment to affected areas. -MAFAR MMO will conduct an assessment and validation to affected agricultural areas.,,Flooded,FlashFlood
200,28,BARMM,MAGUINDANAO DEL SUR,Sultan sa Barongis (Lambayong),,,Flooded Areas,14 September 2024,,"On 14 September 2024, nine (9) barangays in Sultan sa Barongis were flooded.",-Conducted RDANA to affected areas thru BDRRMO and Brgy Officials. -Activated Emergency Operations Center to Red Alert Status and imposed pre emptive evacuation in affected areas.,,Flooded,FloodGeneral
201,29,BARMM,MAGUINDANAO DEL SUR,Datu Saudi-Ampatuan,,,Flooded Areas,14 September 2024,,"On 14 September 2024, six (6) barangays in Datu Saudi Ampatuan were flooded.","Conduct of continuous coordination with BDRRMC, AFP, PNP, and BFP for close monitoring of the situation in the affected areas.",,Flooded,FloodGeneral
202,29,BARMM,MAGUINDANAO DEL SUR,Shariff Saydona Mustapha,,,Flooded Areas,14 September 2024,,"On 14 September 2024, nine (9) barangays of Shariff Saydona Mustapha were flooded.",Continuous monitoring to the BDRRMCs.,,Flooded,FloodGeneral
203,29,BARMM,MAGUINDANAO DEL SUR,Mangudadatu,,,Flooded Areas,14 September 2024,,"On 14 September 2024, five (5) barangays of Mangudadatu were flooded.",Continuous monitoring to the BDRRMCs.,,Flooded,FloodGeneral
204,29,BARMM,MAGUINDANAO DEL SUR,Datu Anggal Midtimbang,,,Flooded Areas,14 September 2024,,"On 14 September 2024, three (3) barangays of Datu Anggal Midtimbang were flooded.",-Convened B/MDRRMC meeting. -Conducted risk assessment in the affected areas. -Prepositioned responders.,,Receding,FloodGeneral
205,29,BARMM,MAGUINDANAO DEL SUR,Ampatuan,,,Flooded Areas,15 September 2024,,"On 15 September 2024, four (4) barangays in Ampatuan were flooded.","-The PDRRMO Maguindanao del Sur 24/7 Operations Center is actively conducting continuous monitoring of the situation to ensure timely updates and response to any emerging incidents. -Regular situational reports are being disseminated to all concerned agencies, ensuring that relevant stakeholders are kept informed of the latest developments",,Receding,FloodGeneral
206,30,BARMM,MAGUINDANAO DEL SUR,Datu Piang (Dulawan),,,Flooded Areas,15 September 2024,,"On 15 September 2024, six (6) barangays in Datu Piang were flooded","-The PDRRMO Maguindanao del Sur 24/7 Operations Center is actively conducting continuous monitoring of the situation to ensure timely updates and response to any emerging incidents. -Regular situational reports are being disseminated to all concerned agencies, ensuring that relevant stakeholders are kept informed of the latest developments",,Flooded,FloodGeneral
207,30,BARMM,MAGUINDANAO DEL SUR,Shariff Aguak (Maganoy),,,Flooded Areas,16 September 2024,,"On 16 September 2024, nine (9) barangays in Shariff Aguak were flooded.",-Continuous monitoring of the water level in the affected area -Conducted clearing operations on clogged waterways -Recommended pre- emptive evacuation on high-risk areas,,Flooded,FloodGeneral
208,30,BARMM,MAGUINDANAO DEL SUR,Datu Salibo,,,Flooded Areas,16 September 2024,,"On 16 September 2024, seventeen (17) barangays in Datu Salibo were flooded",-MDRRMO advised the residents to vacate their houses and proceed to evacuation center for their safety.,,Flooded,FloodGeneral
